,keyword
0,中方如何评价王毅布林肯会见成果？外交部回应
1,8个月没发工资！河南平顶山公交司机集体停运讨薪（图）
2,老汉背负械斗罪44年：狱中15年写495份申诉 曾在街头鸣锣喊冤
3,北京：未返京人员与目前国内报告病例行程有时空重合者暂缓回京
4,全球疫情地图
5,中国疫情
6,日本疫情
7,全球疫苗接种进度
8,从不聚会、捡二手衣穿 女子毕业9年“抠”出两套房
9,高校监考老师偷卖学生平板？事件查清
10,8岁女童失联后遗体被发现 其父：村民曾看到女儿和陌生男子一起
11,睡觉也能按摩！高科技养眼，随时给眼睛加点能量，缓解眼疲劳
12,公职人员实名举报厦门多名官员违纪 当事人回应
13,电厂存煤预计3日内超过1.1亿吨
14,党旗高高飘扬在额济纳
15,来自北京唯一高风险区域的隔离日记
16,访巴西矿业巨头淡水河谷执行副总裁奥索里奥
17,农业农村部：保障秋冬蔬菜稳定供应
18,涉案金额巨大 山东省人大常委会原副主任张新起被公诉
19,携手推动新冠疫苗公平可及（推动抗疫国际合作，中国在行动）
20,G20联合声明不尽如人意 拜登竟甩锅给中俄？
21,约翰逊和马克龙刚见完 两国就又吵起来了
22,被追问“美国是否保卫台湾” 布林肯把这句话重复了3遍
23,政能亮丨疫情防控需靠“绣花功”而非“大呼隆”
24,中方正式提出申请加入DEPA
25,用带摄像头的采耳棒掏耳屎，感觉自己像是在玩黄金矿工 	
26,“组建欧洲军不现实 北约不支持” 埃尔多安在G20表态
27,按摩椅又贵又占地，按摩店又不能天天去，一张床垫就能解决这些问题	
28,美军舰船同时现身东海、南海 想搞什么事情？
29,巨人的碰撞：什么原因让中美在长津湖大战近2个月？
30,塔利班最高领导人阿洪扎达2016年以来公开露面
31,印度造一艘驱逐舰的时间 够中国造出两艘航母了
32,英国向澳大利亚推销自家核潜艇 强调比美国潜艇优势更大
33,外形类似歼20  美国海军未来战斗机概念图曝光
34,美假想敌部队模拟中国战机 专家：画虎类犬
35,31省份经济三季报
36,王毅就台问题表态
37,北京感染者关系图
38,全国24地中风险
39,11月新规来了
40,格力回应被美罚款
41,煤炭降价超百元
42,九旬老人裸捐百万
43,黑河发生社区传播
44,铅山红绿灯变红灯
45,全球确诊超2.45亿
46,燃油附加费将恢复
47,降温真实冻哭图鉴
48,两列高铁中断行程
49,黄旭华又捐1100万
50,微软市值反超苹果
51,日立被曝质检造假
52,砸晕公交司机被拘
53,女贪官的美容腐败
54,北京一摄影师确诊
55,极兔68亿收购百世
56,女子穿外卖服热舞
57,本轮疫情扩散14省
58,东北取暖费上涨
59,脸书公司改名Meta
60,火车乘务员为密接
61,女子酒后推车回家
62,四川不能自家杀猪
63,京都10年内或破产
64,食堂老板偷外卖
65,【网络辟谣】“鲁迅日记称发薪逛琉璃厂”？纯属杜撰
66,江苏检察机关依法对张新起涉嫌受贿案提起公诉
67,图片故事：这群“火焰蓝”用行动诠释责任与担当
68,最高检：针对民间借贷等问题 加强跟进监督提升民事检察质效
69,反家暴不再停留在纸面
70,以典型案件警示遏制恶意欠薪
71,修改儿童票标准，彰显公共交通公益属性
72,“检察+民政”合力为困境儿童送温暖
73,以科学管理助推检察工作高质量发展
74,接续乡村振兴 湖南脱贫人口就业超230万人
75,新冠疫苗第三针开打 会有第四、第五针吗
76,儿童新冠疫苗接种启动
77,运用法治思维和法治方式 依法维护国家安全
78,广州陆生野生脊椎动物增至457种 候鸟数量增加明显
79,为防控新冠肺炎疫情 上海迪士尼将闭园两天
80,反间谍安全防范，从你我做起
81,在生死关头他将危险留给了自己
82,北京11月上旬进入银杏最佳观赏期
83,赏秋度周末
84,江苏扬州：秋染瘦西湖
85,京城秋色浓
86,学会新技能 工资涨不少
87,北京推出赏银杏品文化主题游线路
88,我国首次实现从一氧化碳到蛋白质的合成
89,让老年人数字生活更健康
90,四川首个百万等级火电厂投运
91,百色创办文秀班资助困难学生
92,一生追求是奉献
93,政策落地 稳岗有底（实现更高质量就业①）
94,公布三起危害重要数据安全案例
95,美国宣布将对从欧盟进口钢铝产品实施关税配额制
96,墨西哥中部输油设施爆炸致1人死亡
97,巴西警方击毙25名银行抢劫嫌疑人
98,《世界开放报告2021》专题新闻吹风会在京召开
99,伊拉克北部多城市因暴雨被淹 三省进入紧急状态
100,英法领导人会晤讨论捕鱼权问题
101,英国专家：应对气候变化行动力是关键
102,美国白宫新闻秘书感染新冠病毒
103,二十国集团领导人峰会闭幕 承诺应对最紧迫全球挑战
104,巴西岩洞塌方导致9人遇难
105,格拉斯哥气候变化大会开幕 国际社会期待落实减排承诺
106,遇见习近平丨他对细节的把握，让我非常惊讶！
107,沙特一客机机场撞柱致机翼受损
108,美国新泽西州公园秋色醉人
109,中国自主品牌新型电动车进入拉美
110,西班牙火山岛：地震越发强 游客争相来
111,二十国集团峰会支持全球企业税改
112,黎巴嫩部长惹怒海湾国家 外交风波持续发酵
113,暂“休战” 美欧达成钢铝关税协议
114,东京国际电影节中国电影周“金鹤奖”揭晓
115,亚洲各国携手探索保护文化遗产
116,西班牙马德里国际灯光节开幕 梦幻光影世界美轮美奂
117,格鲁吉亚执政党在地方选举中获胜
118,日本东京都发生列车上持刀伤人并纵火事件
119,日本执政联盟赢得国会众议院选举
120,中国拥有最大疫苗产能是世界之福（国际论道）
121,童心筑梦 探索太空
122,“中国生态文明建设经验值得借鉴”
123,国际社会严重关切美英澳核潜艇合作
124,外交部发言人就美发布新冠病毒溯源问题解密版报告答记者问
125,携手推动新冠疫苗公平可及（推动抗疫国际合作，中国在行动）
126,王毅会见美国国务卿布林肯
127,二十国集团领导人第十六次峰会通过《二十国集团领导人罗马…
128,践行真正的多边主义，推动构建人类命运共同体
129,凝聚国际共识，共创美好未来
130,意大利总理德拉吉会见王毅
131,荷兰首相吕特会见王毅
132,二十国集团领导人第十六次峰会通过《二十国集团领导人罗马…
133,凝聚国际共识，共创美好未来——王毅国务委员兼外长谈习近…
134,王毅会见美国国务卿布林肯
135,王毅会见墨西哥外长埃布拉德
136,王毅会见俄罗斯外长拉夫罗夫
137,王毅会见阿根廷外长卡菲罗
138,王毅会见法国外长勒德里昂
139,王毅会见世界贸易组织总干事伊维拉
140,东西问·中美对话 | 芮效俭：美国“从实力地位出发”与…
141,专访：中美在民生改善方面形成鲜明对比——访新加坡知名学…
142,美供应链受阻问题雪上加霜
143,美欧宣布就解决钢铝关税争端达成协议
144,西班牙拉帕尔马岛发生火山喷发以来最强地震
145,美俄“互秀”非对称战力
146,美“项目融合”演习瞄准全域作战
147,印度无人机发展提速难提质
148,德防长涉核言论遭多方批评
149,内蒙古军区组织官兵和民兵投身驻地疫情防控
150,海防线上的“红色堡垒”
151,湖南湘潭：擦亮拥军优属“湘潭名片”
152,国际社会严重关切美英澳核潜艇合作
153,新疆喀什军分区卡拉苏边防连：花儿为什么这样红
154,第82集团军某旅举办退役士兵就业招聘会
155,第78集团军某旅遵循战斗力生成规律训全训实课目
156,第74集团军某旅着眼人才成长规律科学组训施训
157,西部战区陆军某旅组织飞行训练
158,火箭军某团组织党员与被帮带对象结成互助组
159,军营开通“网上服务大厅”
160,火箭军某旅“军事训练模范营”在转型重塑中勇担新使命
161,全军高原部队制供氧建设逐步实现便携化单兵化
162,韩国借航展推动武器出口
163,驻叙俄军行动登上大银幕
164,美军新建小型核反应堆
165,美海军内部危机持续发酵
166,2022年度全民国防教育万映计划开启
167,辽宁省铁岭市全面提升基层武装机构规范化建设
168,韩国新潜艇释放新信号
169,东部战区军事检察院开展专题教育
170,陆军某旅携手友邻部队探索建立战训共研机制
171,第82集团军某旅装步五连当好战斗力“磨刀石”
172,国防部：中国人民解放军坚决捍卫国家主权和领土完整
173,国防部评中俄海上联演和首次海上联合巡航：团结就是力量
174,国防部：美方应重构正确对华认知 推动两军关系健康稳定发展
175,#兼顾应对气候变化和保障民生#
176,80后夫妻用3个月工资全款买房
177,昨晚朋友圈的两极分化
178,蜜雪冰城注册蜜雪商学商标
179,双11省得明明白白
180,令人心动的offer3官宣陶勇
181,个人信息保护法正式施行
182,李佳琦直播官方微博声明
183,杨幂的realme手机
184,上海迪士尼核酸检测现场有爱的一幕
185,北京机关单位短距离上下楼时不乘电梯
186,尾款人的入冬四件套
187,5岁女孩用10块钱给全家买礼物
188,婚后另一半心里有其他人你怎么办
189,陈哲远沈月我的反派男友开机
190,刘亦菲小龙女白衣舞剑旧照
191,S11总决赛EDG会夺冠吗
192,小区一业主结婚细心举动让邻居暖心
193,1岁女童掉进列车站台缝隙
194,李易峰被化妆品考到崩溃
195,南京一大学食堂免费送当日剩餐
196,中方正式提出申请加入DEPA
197,牙齿有多影响颜值
198,退款
199,网剧真相
200,银杏
201,物业回应两小孩22层楼顶间来回跳跃
202,梅西希望回巴萨当技术总监
203,特朗普称拜登是史上最差总统
204,考研人双十一的购物清单
205,两男孩在高楼楼顶立定跳远
206,迪士尼烟花绽放时他们逆行防疫
207,新疆的水果是糖做的吧
208,11月1日北京新增1例本土确诊
209,原来蹲在马桶上这么危险
210,如果内向的人在社交中说实话
211,傅菁醉酒戏
212,为救白血病女儿恐高父亲重返高塔工作
213,天门山999级天梯又亮了
214,上海小学生为爱心购物车分享作业本
215,境外窃取我国航空数据设备曝光
216,你的快递被什么东西签收过
217,耶鲁音乐学院称未聘请李云迪任教
218,北京一公司开发APP帮人打卡作弊CEO获刑
219,大学生宿舍煮饺子视频引来消防员
220,北京召开第253场疫情防控新闻发布会
221,原来大学里有警犬专业
222,石家庄共有确诊10例
223,北京秋天
224,微小的坏习惯如何导致终生的遗憾
225,GEN负责人宣布将重建战队
226,银行保安弯腰帮残障人士做面部识别
227,12人爬山返程帮老人收稻子送到家里
